{
  "11": [
    0.9,
    0.225,
    0.225,
    1.0
  ],
  "12": [
    0.9,
    0.3556451612903227,
    0.225,
    1.0
  ],
  "13": [
    0.9,
    0.48629032258064514,
    0.225,
    1.0
  ],
  "14": [
    0.9,
    0.6169354838709677,
    0.225,
    1.0
  ],
  "15": [
    0.9,
    0.7475806451612903,
    0.225,
    1.0
  ],
  "16": [
    0.9,
    0.878225806451613,
    0.225,
    1.0
  ],
  "17": [
    0.7911290322580646,
    0.9,
    0.225,
    1.0
  ],
  "18": [
    0.660483870967742,
    0.9,
    0.225,
    1.0
  ],
  "21-1": [
    0.5298387096774194,
    0.9,
    0.225,
    1.0
  ],
  "21-2": [
    0.3991935483870969,
    0.9,
    0.225,
    1.0
  ],
  "22-1": [
    0.26854838709677414,
    0.9,
    0.225,
    1.0
  ],
  "22-2": [
    0.225,
    0.9,
    0.3120967741935483,
    1.0
  ],
  "31": [
    0.225,
    0.9,
    0.4427419354838708,
    1.0
  ],
  "32": [
    0.225,
    0.9,
    0.5733870967741933,
    1.0
  ],
  "33": [
    0.225,
    0.9,
    0.704032258064516,
    1.0
  ],
  "34": [
    0.225,
    0.9,
    0.8346774193548387,
    1.0
  ],
  "35": [
    0.225,
    0.8346774193548387,
    0.9,
    1.0
  ],
  "36": [
    0.225,
    0.7040322580645163,
    0.9,
    1.0
  ],
  "37": [
    0.225,
    0.5733870967741939,
    0.9,
    1.0
  ],
  "4": [
    0.225,
    0.4427419354838708,
    0.9,
    1.0
  ],
  "5": [
    0.225,
    0.3120967741935483,
    0.9,
    1.0
  ],
  "61": [
    0.26854838709677414,
    0.225,
    0.9,
    1.0
  ],
  "62": [
    0.39919354838709664,
    0.225,
    0.9,
    1.0
  ],
  "63": [
    0.5298387096774191,
    0.225,
    0.9,
    1.0
  ],
  "64": [
    0.6604838709677415,
    0.225,
    0.9,
    1.0
  ],
  "65": [
    0.7911290322580641,
    0.225,
    0.9,
    1.0
  ],
  "66": [
    0.9,
    0.225,
    0.8782258064516135,
    1.0
  ],
  "67": [
    0.9,
    0.225,
    0.7475806451612905,
    1.0
  ],
  "68": [
    0.9,
    0.225,
    0.616935483870968,
    1.0
  ],
  "69": [
    0.9,
    0.225,
    0.48629032258064553,
    1.0
  ],
  "7": [
    0.9,
    0.225,
    0.3556451612903225,
    1.0
  ]
}