{
  "11": [
    0.9,
    0.225,
    0.225,
    1.0
  ],
  "12": [
    0.9,
    0.35999999999999993,
    0.225,
    1.0
  ],
  "13": [
    0.9,
    0.49500000000000005,
    0.225,
    1.0
  ],
  "14": [
    0.9,
    0.6300000000000001,
    0.225,
    1.0
  ],
  "15": [
    0.9,
    0.7650000000000001,
    0.225,
    1.0
  ],
  "16": [
    0.9,
    0.9,
    0.225,
    1.0
  ],
  "17": [
    0.7649999999999999,
    0.9,
    0.225,
    1.0
  ],
  "18": [
    0.6300000000000001,
    0.9,
    0.225,
    1.0
  ],
  "21-1": [
    0.49499999999999994,
    0.9,
    0.225,
    1.0
  ],
  "21-2": [
    0.36000000000000015,
    0.9,
    0.225,
    1.0
  ],
  "22-1": [
    0.225,
    0.9,
    0.225,
    1.0
  ],
  "22-2": [
    0.225,
    0.9,
    0.3599999999999998,
    1.0
  ],
  "31": [
    0.225,
    0.9,
    0.4950000000000003,
    1.0
  ],
  "32": [
    0.225,
    0.9,
    0.6300000000000001,
    1.0
  ],
  "33": [
    0.225,
    0.9,
    0.7649999999999999,
    1.0
  ],
  "34": [
    0.225,
    0.9,
    0.9,
    1.0
  ],
  "35": [
    0.225,
    0.7649999999999999,
    0.9,
    1.0
  ],
  "36": [
    0.225,
    0.6300000000000001,
    0.9,
    1.0
  ],
  "37": [
    0.225,
    0.4950000000000003,
    0.9,
    1.0
  ],
  "4": [
    0.225,
    0.36000000000000015,
    0.9,
    1.0
  ],
  "5": [
    0.225,
    0.225,
    0.9,
    1.0
  ],
  "61": [
    0.35999999999999954,
    0.225,
    0.9,
    1.0
  ],
  "62": [
    0.49499999999999966,
    0.225,
    0.9,
    1.0
  ],
  "63": [
    0.6299999999999998,
    0.225,
    0.9,
    1.0
  ],
  "64": [
    0.7650000000000005,
    0.225,
    0.9,
    1.0
  ],
  "65": [
    0.9,
    0.225,
    0.9,
    1.0
  ],
  "66": [
    0.9,
    0.225,
    0.7649999999999999,
    1.0
  ],
  "67": [
    0.9,
    0.225,
    0.6299999999999998,
    1.0
  ],
  "68": [
    0.9,
    0.225,
    0.4950000000000003,
    1.0
  ],
  "7": [
    0.9,
    0.225,
    0.36000000000000015,
    1.0
  ]
}