{
    "1920x1080": {
        "scale_factor": 0.6468362424763319,
        "img_offset": [
            0,
            0
        ]
    },
    "800x480": {
        "scale_factor": 0.3196383223275002,
        "img_offset": [
            8.53450891724998,
            -36.88035281720988
        ]
    }
}